firstName,lastName,email,phoneNo,password,address,latitude,longitude
Nichole,Verma,nichole_verma2327@gmail.com,8924671092,LGF69CRO0HV,"Noida Extension, Noida, Delhi NCR",28.60885,77.46056
Sharon,Chandrasekar,c-sharon@yahoo.com,6654529828,GXH27EFS2TY,"Sector 79, Gurgaon, Delhi NCR",28.37423557,76.95241631
Zena,Vijaya,vijayazena@yahoo.com,6752074068,YJP73RIU3WI,"Vaishali, Ghaziabad, Delhi NCR",28.645769,77.38511
Elvis,Shan,shan-elvis314@yahoo.com,9857182947,GDP56WRF4TT,"Link Road, F Block, Sector 50, Noida, Uttar Pradesh, Sector 1, Greater Noida, Delhi NCR",28.566914,77.436434
Patience,Srivastav,patience-srivastav@gmail.com,8486856150,HKU71VTR7NL,"Jaypee Pavilion Court Sector 128, Noida, Sector 128, Noida, Delhi NCR",28.520732,77.356491
Elliott,Pal,e.pal5535@gmail.com,9471170290,MRH93WSJ3MQ,"tower 2, 6th floor, Crossings Republik, Ghaziabad, Delhi NCR",28.62804,77.437809
Dominique,Jai,jaidominique5858@gmail.com,9391984268,MPQ61KRG8WO,"Nirala Aspire, GH03, Sector 16C, Hundal, Greater Noida, Uttar Pradesh 201306, Noida Extension Block C, Noida, Delhi NCR",28.610645,77.455837
Odysseus,Rastogi,orastogi8865@yahoo.com,9145573046,SFU52BVX3QG,"Suncity Avenue 102, Sector 102, Gurgaon Bang on Dwarka Expressway having all Facilities of a gated Society., Sector 102, Gurgaon, Delhi NCR",28.471233,76.969597
Shad,Punj,punjshad@yahoo.com,9731095787,CHU23COW7TE,"Sector 2, Greater Noida, Sector 2, Greater Noida, Delhi NCR",28.5814311,77.4528192
Maggy,Sharma,msharma@yahoo.com,9437928191,SOO71JYV5BX,"Gaur City 5th Avenue, Noida Extension, Noida, Noida Extension, Noida, Delhi NCR",28.614181,77.427713
Patience,Neelam,p-neelam@yahoo.com,7024594522,VPH61LOT0OD,"Sector 24 Rohini, New Delhi - Rohini, Delhi NCR",28.72407532,77.09558105
Daquan,Tyagi,d.tyagi@gmail.com,8991316383,LWN44KVI2AK,"Gurgaon - Faridabad Road, Gurgaon, Delhi NCR",28.436305,77.13605
Donovan,Sen,d.sen@gmail.com,6433369110,WEJ76DCL3XL,"Sector 110A, Gurgaon, Chandan Vihar, Gurgaon, Delhi NCR",28.51313972,77.0259552
Cody,Chande,c.cody@yahoo.com,7935374198,VAU67VJL9IB,"H-024, Gulshan Vivante, Sector-137, Noida, Sector 137, Noida, Delhi NCR",28.50746138,77.40781667
Nina,Ganesh,gnina8108@gmail.com,8439532272,YHX87YPT6TG,"G T Road, Ghaziabad, Delhi NCR",28.679009,77.34929514
Adrian,Lalit,lalit_adrian7196@gmail.com,8408679719,YWJ42PFU7HV,"Sector 24 Rohini, New Delhi - Rohini, Delhi NCR",28.72143555,77.10701752
Roth,Sharma,rothsharma@gmail.com,7097971559,GWC11OFS9WH,"Sector 24 Rohini, New Delhi - Rohini, Delhi NCR",28.72721291,77.09606171
Sonya,Kapoor,kapoor.sonya5820@gmail.com,9066316649,WFK16HLP8FX,"Noida Extension, Noida, Delhi NCR",28.61607805,77.42810225
Vernon,Samuel,samuelvernon@gmail.com,6525860615,BZO76YUB3BH,"NeelPadam Kunj, Vaishali, Sector 1, Ghaziabad, Sector 1 Vaishali, Ghaziabad, Delhi NCR",28.64431,77.33178711
Amelia,Narang,a.narang@yahoo.com,6900665693,OFO42BBE0JS,"Sector 45, Noida, Sector 45, Noida, Delhi NCR",28.54692971,77.35438729
Boris,Sharma,sharmaboris525@yahoo.com,6083300168,PSW47MIS8CO,"Sector 37C, Gurgaon, Delhi NCR",28.449384,76.98441
Alma,Subram,subram_alma8243@yahoo.com,7866199157,RIX87SFB1PZ,"Sushant Lok 2, Gurgaon, Delhi NCR",28.423049,77.08741
Noah,Muthu,n.muthu@yahoo.com,6564102333,TMZ61ANW5UU,"Sector 29, Noida, Delhi NCR",28.56973716,77.33241167
Bevis,Kishore,kishore_bevis8370@gmail.com,8976023638,MCH02WQJ8KQ,"flat number 703, kalypso tower 4, jaypee wish town noida, sector 128, Sector 128, Noida, Delhi NCR",28.529146,77.355843
Idola,Muthu,muthu_idola@yahoo.com,7263147731,PKG87OHM5AB,"Noida Extension, Noida., Noida Extension, Noida, Delhi NCR",28.58749935,77.44316979
Melinda,Mittal,mittalmelinda8631@yahoo.com,7215521163,BTJ31HFU8PG,"Noida Extension, Noida, Noida Extension, Noida, Delhi NCR",28.616204,77.422256
Axel,Malhotra,a-malhotra8059@gmail.com,8628474572,BUR76SPM6XD,"Noida extension., Noida Extension, Greater Noida, Delhi NCR",28.57223,77.474898
Charity,Sen,c-sen5466@gmail.com,6284064278,TBC84TPY9DI,"Sector 16 Vasundhara, Ghaziabad, Delhi NCR",28.6571606,77.355748
Kylynn,Veena,veena.kylynn3278@gmail.com,8474076338,VGG57JXD8BJ,"Vaishali Ghaziabad, Vaishali, Ghaziabad, Delhi NCR",28.387731,76.96791987
Ivy,Narang,narang.ivy996@gmail.com,9937495453,UYH43ETQ1FL,"Sector 81, Gurgaon, Sector 81, Gurgaon, Delhi NCR",28.49744987,77.02709198
Dalton,Puri,d.puri@yahoo.com,7540706171,KKM87WHP6OS,"sector 103 gurgaon, Dwarka Expressway, Gurgaon, Delhi NCR",28.54341218,77.367853
Keegan,Srivastava,k_srivastava2907@gmail.com,8892501891,GEX47NZW5XM,"lotus boulevard, Sector 100, Noida, Delhi NCR",28.43520877,77.09022523
Hilel,Raje,h.raje8390@yahoo.com,7814485877,QND31GKL2PN,"Adhunik CGHS, Opp Tau Devil Lal Bio DiversitPark, Sector 52, Gurugram, Delhi NCR, Sector 52, Gurgaon, Delhi NCR",28.6467392,77.3709475
Alfreda,Srivas,srivas-alfreda@yahoo.com,7393027581,KET76FCU4EQ,"Shakti Khand 2, Ghaziabad, Delhi NCR",28.3907304,77.05782257
Debra,Chauhan,chauhan-debra3069@yahoo.com,9757822448,YSV42MNJ1GE,"Sector 68, Gurgaon, Delhi NCR",28.482277,76.99199526
Alvin,Nath,a_nath@yahoo.com,7684960250,UUC85FHO3CF,"Sector 104, Gurgaon, Sector 104, Gurgaon, Delhi NCR",28.5604873,77.384084
Leslie,Dutta,dutta-leslie@yahoo.com,9869964802,WLD12GRP8WH,"Aspire1106, Sector 78, Noida, Delhi NCR",28.55985069,77.24765015
Sybill,Chandrasekar,c_sybill@yahoo.com,9214465770,PKG26NZK6HS,"Gali No 9, Garhi Jharia Maria, New Delhi - South, Delhi NCR",28.50809,77.2314673
Justin,Raje,justin.raje@yahoo.com,7055976617,PSW32DSA2GH,"Krishna Park Colony, New Delhi - South, Delhi NCR",28.558586,77.2511855
Carissa,Malhotra,m_carissa5292@yahoo.com,6630115342,LMK82OLA1PB,"Amritpuri B East of Kailash, Amritpuri, New Delhi - South, Delhi NCR",28.68956947,77.33861542
Cameron,Nita,n-cameron@gmail.com,8787742066,RRC09THW5HI,"Shalimar Garden Exten 1 near Gulmohar park, Shalimar garden, Ghaziabad, Delhi NCR",28.5905383,77.35981
Carla,Joshi,j-carla7057@gmail.com,8550386058,PNO54KFP3JZ,"205. Hardik tower sector 53 Noida, Sector 53, Noida, Delhi NCR",28.5922718,77.0836792
Xander,Sudha,x_sudha571@yahoo.com,9836186357,MKD57CLY3FJ,"Gali No-15 Sadnagar Palam New Delhi-110045, Palam Colony, New Delhi - Dwarka, Delhi NCR",28.424904,77.03476
Gray,Jai,jaigray@yahoo.com,8469075099,JME61MXR9FJ,"Central park the resorts sector 48 gurgaon, Sector 48, Gurgaon, Delhi NCR",28.652429,77.1643181
Brian,Subramanian,subramanian-brian1623@yahoo.com,8273810852,YYI35XOF8JT,"Patel Nagar West, New Delhi - West, Delhi NCR",28.3978564,77.07393158
Caldwell,Madan,m.caldwell349@yahoo.com,8102718131,NOW11NXY3RA,"Sector 65, Gurgaon, Delhi NCR",28.512136,76.986899
Ciaran,Prasad,prasad-ciaran2117@gmail.com,8293287526,DFQ64QOX2ET,"G 033., Sector 108, Gurgaon, Delhi NCR",28.65280724,77.4509201
Cedric,Manohar,c_manohar8698@gmail.com,6970007021,EET26HOV7JG,"Ghaziabad, Vivekanand Nagar, Ghaziabad, Delhi NCR",28.647938,77.340697
Lois,Sethi,l-sethi7974@gmail.com,8949565440,UIY37EDE7PL,"Gurgaon - Faridabad Road, Gurgaon, Delhi NCR",28.646509,77.38148828
